{
	"Biographies & Memoirs":
		[{"productid":"1","productname":"kurta","category":"branded","description":"new dress","popularity":"high","onsale":"yes","price":"199","src":"img/Biographies & Memoirs/book001bm.png"},
		{"productid":"2","productname":"lancha","category":"branded","description":"old dress","popularity":"normal","onsale":"no","price":"299","src":"img/Biographies & Memoirs/book002bm.png"},
		{"productid":"3","productname":"lhenga","category":"branded","description":"long dress","popularity":"high","onsale":"yes","price":"399","src":"img/Biographies & Memoirs/book001bm.png"},
		{"productid":"4","productname":"suite","category":"branded","description":"short dress","popularity":"normal","onsale":"yes","price":"499","src":"img/Biographies & Memoirs/book002bm.png"},
		{"productid":"5","productname":"shirt","category":"branded","description":"small dress","popularity":"high","onsale":"yes","price":"199","src":"img/Biographies & Memoirs/book002bm.png"}],

	"Business & Economics":
		[{"productid ":"6","productname":"bag1","category":"branded","description":"new dress","popularity":"high","onsale":"yes","price":"199","src":"img/Business & Economics/book001be.png"},
		{"productid":"7","productname":"bag2","category":"branded","description":"old dress","popularity":"normal","onsale":"no","price":"299","src":"img/Business & Economics/book003be.png"},
		{"productid":"8","productname":"bag3","category":"branded","description":"long dress","popularity":"high","onsale":"yes","price":"399","src":"img/Business & Economics/book003be.png"},
		{"productid":"9","productname":"bag4","category":"branded","description":"short dress","popularity":"normal","onsale":"yes","price":"499","src":"img/Business & Economics/book001be.png"},
		{"productid":"10","productname":"bag5","category":"branded","description":"small dress","popularity":"high","onsale":"yes","price":"199","src":"img/Business & Economics/book003be.png"}],

	"Children & Young":
		[{"productid":"11","productname":"kurta","category":"new","description":"new dress","popularity":"high","onsale":"yes","price":"200","src":"img/Children & Young/book001ch.png"},
		{"productid":"12","productname":"lancha","category":"sale","description":"old dress","popularity":"normal","onsale":"no","price":"299","src":"img/Children & Young/book002ch.png"},
		{"productid":"13","productname":"lhenga","category":"top","description":"long dress","popularity":"high","onsale":"yes","price":"399","src":"img/Children & Young/book002ch.png"},
		{"productid":"14","productname":"suite","category":"new","description":"short dress","popularity":"normal","onsale":"yes","price":"499","src":"img/Children & Young/book001ch.png"},
		{"productid":"15","productname":"shirt","category":"sale","description":"small dress","popularity":"high","onsale":"yes","price":"199","src":"img/Children & Young/book001ch.png"}],

	"Crime & Thriller":
		[{"productid ":"17","productname":"bag1","category":"branded","description":"new dress","popularity":"high","onsale":"yes","price":"199","src":"img/Business & Economics/book001be.png"},
		{"productid":"18","productname":"bag2","category":"branded","description":"old dress","popularity":"normal","onsale":"no","price":"299","src":"img/Business & Economics/book003be.png"},
		{"productid":"19","productname":"bag3","category":"branded","description":"long dress","popularity":"high","onsale":"yes","price":"399","src":"img/Business & Economics/book003be.png"},
		{"productid":"20","productname":"bag4","category":"branded","description":"short dress","popularity":"normal","onsale":"yes","price":"499","src":"img/Business & Economics/book001be.png"},
		{"productid":"21","productname":"bag5","category":"branded","description":"small dress","popularity":"high","onsale":"yes","price":"199","src":"img/Business & Economics/book003be.png"}]

	
}
